{
  "name": "MP3CR Item Trackers",
  "packages": [
    {
      "name": "MP3CR Item Tracker",
      "author": "DualVission",
      "game_name": "Metroid Prime 3: Corruption Randomizer",
      "flags": [
        "map",
        "pins",
        "chathud"
      ],
      "version": "1.0.0.0",
      "required_app_version": "2.3.8.8",
      "uid": "dual_mp3cr",
      "variants": [
        {
          "name": "Item Tracker",
          "flags":
          [
            "chathud"
          ]
        }
      ]
    }
  ]
}
